{
	"format_version": "1.20.0",
	"minecraft:item": {
		"description": {
			"identifier": "ac:admin_panel"
		},
		"components": {
			"minecraft:max_stack_size": 1,
			"minecraft:display_name": {
				"value": "§l§6Anti Cheats §eAdmin Panel§r"
			
			},
			"minecraft:foil": true,
			"minecraft:render_offsets": {
				"main_hand": {
					"third_person": {
						"scale": [
							0,
							0,
							0
						]
					}
				}
			},
			"minecraft:icon": {
				"texture": "banner_pattern"
			}
		}
		
		}
	}