{
  "namespace": "admin_panel_ui",

  "admin_panel_main_screen@common.action_form_data": {
    "title": "§l§6Admin Panel",
    "buttons": [
      {
        "id": "player_management_button",
        "text": "§l§bPlayer Management",
        "icon": "textures/ui/icon_steve.png"
      },
      {
        "id": "server_settings_button",
        "text": "§l§bServer Settings",
        "icon": "textures/ui/icon_setting.png"
      },
      {
        "id": "view_logs_button",
        "text": "§7View Logs",
        "icon": "textures/ui/icon_book_writable.png"
      },
      {
        "id": "system_info_button",
        "text": "§7System Information",
        "icon": "textures/ui/icon_resource_pack.png"
      },
      {
        "id": "close_button",
        "text": "§c§lClose",
        "icon": "textures/ui/cancel.png"
      }
    ]
  }
}
